{"stats":{"minecraft:crafted":{"minecraft:oak_planks":56,"mca:blueprint":1,"minecraft:crafting_table":3,"minecraft:wooden_pickaxe":1,"minecraft:stone_axe":1,"minecraft:blue_dye":2,"minecraft:paper":12,"minecraft:stick":8,"minecraft:stone_pickaxe":1,"minecraft:dark_oak_planks":8},"minecraft:killed":{"minecraft:pig":1,"minecraft:spider":1,"minecraft:chicken":2,"minecraft:cow":2},"minecraft:custom":{"minecraft:mob_kills":7,"minecraft:interact_with_crafting_table":7,"minecraft:open_barrel":2,"minecraft:play_one_minute":43137,"minecraft:interact_with_campfire":5,"minecraft:leave_game":3,"minecraft:time_since_death":20623,"minecraft:sleep_in_bed":3,"minecraft:climb_one_cm":203,"minecraft:time_since_rest":7719,"minecraft:sprint_one_cm":80560,"minecraft:damage_taken":155,"minecraft:walk_one_cm":85812,"minecraft:damage_dealt":555,"minecraft:swim_one_cm":1178,"minecraft:fly_one_cm":140898,"minecraft:open_chest":1,"minecraft:crouch_one_cm":168,"minecraft:deaths":2,"minecraft:sneak_time":38,"minecraft:walk_under_water_one_cm":278,"minecraft:jump":651,"minecraft:walk_on_water_one_cm":1058,"minecraft:fall_one_cm":16099},"minecraft:picked_up":{"minecraft:feather":1,"minecraft:chicken":2,"minecraft:leather":2,"minecraft:wooden_pickaxe":1,"minecraft:enchanted_book":1,"mca:book_rose_gold":2,"easy_steel:cassiterite_ore":6,"minecraft:oak_log":14,"minecraft:lily_pad":3,"minecraft:string":1,"mca:book_romance":2,"minecraft:cornflower":4,"easy_steel:bornite_ore":13,"minecraft:dirt":1,"minecraft:paper":8,"mca:blueprint":2,"minecraft:wheat_seeds":1,"minecraft:beef":3,"minecraft:stone_pickaxe":1,"minecraft:rose_bush":3,"minecraft:sugar_cane":12,"minecraft:oak_planks":50,"minecraft:stick":2,"minecraft:spruce_fence":3,"minecraft:porkchop":2,"minecraft:dark_oak_log":2,"minecraft:dark_oak_planks":5,"minecraft:stone_axe":1,"minecraft:writable_book":2,"minecraft:blue_dye":2,"minecraft:baked_potato":5,"minecraft:iron_bars":1,"minecraft:cobblestone":16},"minecraft:mined":{"minecraft:dark_oak_planks":1,"minecraft:dark_oak_log":2,"minecraft:cornflower":2,"minecraft:grass_block":1,"minecraft:spruce_fence":3,"minecraft:rose_bush":1,"minecraft:tall_grass":1,"minecraft:sugar_cane":6,"minecraft:oak_planks":1,"easy_steel:bornite_ore":13,"easy_steel:cassiterite_ore":4,"minecraft:grass":2,"minecraft:oak_log":14,"minecraft:iron_bars":1,"minecraft:stone":12,"minecraft:oak_leaves":6},"minecraft:used":{"minecraft:writable_book":1,"minecraft:iron_bars":1,"minecraft:stone_pickaxe":22,"minecraft:baked_potato":3,"minecraft:oak_planks":6,"minecraft:wooden_pickaxe":8,"minecraft:crafting_table":3,"minecraft:spruce_fence":3,"minecraft:dark_oak_planks":1,"minecraft:stone_axe":21,"minecraft:potato":3}},"DataVersion":2586}